<?xml version="1.0" encoding="UTF-8" ?>
<XMLDB PATH="mod/quiz/accessrule/safeexambrowser/db" VERSION="20111003" COMMENT="XMLDB file for Moodle mod/quiz/accessrule/plagiarismcheckbox"
    xmlns:xsi="http://www.w3.org/2001/XMLSchema-instance"
    xsi:noNamespaceSchemaLocation="../../../../../lib/xmldb/xmldb.xsd"
>
  <TABLES>
    <TABLE NAME="quizaccess_safeexambrowser" COMMENT="Stores the browser keys that are allowed to be used with this quiz.">
      <FIELDS>
        <FIELD NAME="id" TYPE="int" LENGTH="10" NOTNULL="true" UNSIGNED="true" SEQUENCE="true" NEXT="quizid"/>
        <FIELD NAME="quizid" TYPE="int" LENGTH="10" NOTNULL="true" UNSIGNED="false" SEQUENCE="false" COMMENT="Foreign key to quiz.id." PREVIOUS="id" NEXT="allowedkeys"/>
        <FIELD NAME="allowedkeys" TYPE="text" NOTNULL="true" SEQUENCE="false" COMMENT="A permitted browser keys for this quiz, newline separated." PREVIOUS="quizid"/>
      </FIELDS>
      <KEYS>
        <KEY NAME="primary" TYPE="primary" FIELDS="id" NEXT="quizid"/>
        <KEY NAME="quizid" TYPE="foreign-unique" FIELDS="quizid" REFTABLE="quiz" REFFIELDS="id" PREVIOUS="primary"/>
      </KEYS>
    </TABLE>
  </TABLES>
</XMLDB>
